map,population_set,demand,scenario,runs,avg_mean_wait_s,std_mean_wait_s,avg_p95_wait_s,avg_mean_travel_s,std_mean_travel_s,avg_p95_travel_s,avg_mean_time_loss_s,avg_mean_speed_mps,avg_vehicles_count,avg_planned_trips,avg_completed_trips,avg_unfinished_trips,avg_censoring_rate,avg_switch_margin_count,avg_switch_max_green_count,avg_nmin_hold_step_count,avg_spillback_block_event_count,avg_spillback_release_event_count,avg_spillback_block_step_count,avg_platoon_extend_step_count,avg_fairness_positive_bonus_count,avg_fairness_bonus_sum
bologna,balanced,high,fixed_program0,1,746.37059,0.0,2824.6,1131.607102,0.0,3670.0,955.720426,5.811652,4393.0,5000.0,4393.0,607.0,12.14,0.0,0.0,0.0,0.0,0.0,0.0,0.0,0.0,0.0
bologna,balanced,high,fixed_tuned,1,933.994772,0.0,2947.7,1334.850421,0.0,3778.1,1161.495547,4.729883,4399.0,5000.0,4399.0,601.0,12.02,0.0,0.0,0.0,0.0,0.0,0.0,0.0,0.0,0.0
bologna,balanced,high,mp_base,1,1043.291221,0.0,3539.0,1404.225317,0.0,4203.0,1223.797894,5.887894,4021.0,5000.0,4021.0,979.0,19.58,8087.0,1302.0,0.0,0.0,0.0,0.0,0.0,0.0,0.0
bologna,balanced,high,mp_downstream_b04,1,1155.45622,0.0,3808.9,1504.763489,0.0,4436.8,1327.904982,5.089247,3095.0,5000.0,3095.0,1905.0,38.1,21778.0,1088.0,0.0,0.0,0.0,0.0,0.0,0.0,0.0
bologna,balanced,high,mp_downstream_b08,1,1179.929752,0.0,3986.75,1537.329307,0.0,4597.5,1360.873897,5.038844,3146.0,5000.0,3146.0,1854.0,37.08,21856.0,1114.0,0.0,0.0,0.0,0.0,0.0,0.0,0.0
bologna,balanced,high,mp_fair_mu3_w30,1,964.766334,0.0,3555.0,1317.798254,0.0,4250.1,1140.784419,5.999638,4010.0,5000.0,4010.0,990.0,19.8,9139.0,1227.0,0.0,0.0,0.0,0.0,0.0,128211.0,269356.951859
bologna,balanced,high,mp_fair_mu5_w20,1,969.359517,0.0,3599.0,1332.978823,0.0,4325.0,1152.64802,6.040612,4061.0,5000.0,4061.0,939.0,18.78,9859.0,1248.0,0.0,0.0,0.0,0.0,0.0,114590.0,431824.302252
bologna,balanced,high,mp_lta_g040_sf050,1,1070.58002,0.0,3882.25,1416.650866,0.0,4529.0,1237.622564,5.847966,3924.0,5000.0,3924.0,1076.0,21.52,6196.0,1839.0,0.0,0.0,0.0,0.0,0.0,0.0,0.0
bologna,balanced,high,mp_lta_g060_sf050,1,1014.760782,0.0,3680.0,1353.406376,0.0,4251.8,1173.900785,5.907332,3733.0,5000.0,3733.0,1267.0,25.34,4571.0,2442.0,0.0,0.0,0.0,0.0,0.0,0.0,0.0
bologna,balanced,high,mp_nmin_a080_f2,1,1099.998711,0.0,3611.3,1481.195719,0.0,4304.65,1298.340663,5.694067,3878.0,5000.0,3878.0,1122.0,22.44,10629.0,1300.0,9481.0,0.0,0.0,0.0,0.0,0.0,0.0
bologna,balanced,high,mp_nmin_a120_f4,1,1152.048837,0.0,3933.0,1519.699565,0.0,4600.5,1340.3446,5.56911,3911.0,5000.0,3911.0,1089.0,21.78,9244.0,1242.0,22520.0,0.0,0.0,0.0,0.0,0.0,0.0
bologna,balanced,high,mp_platoon_x2,1,1111.881086,0.0,3656.8,1496.041059,0.0,4315.0,1312.805973,5.684429,4457.0,5000.0,4457.0,543.0,10.86,8191.0,1387.0,0.0,0.0,0.0,0.0,654.0,0.0,0.0
bologna,balanced,high,mp_platoon_x4,1,1129.176842,0.0,3727.1,1507.033791,0.0,4443.1,1325.482068,5.689789,4439.0,5000.0,4439.0,561.0,11.22,8120.0,1373.0,0.0,0.0,0.0,0.0,1140.0,0.0,0.0
bologna,balanced,high,mp_program0,1,711.300381,0.0,2405.4,1114.493014,0.0,3168.85,932.167214,5.571582,4724.0,5000.0,4724.0,276.0,5.52,1069.0,0.0,0.0,0.0,0.0,0.0,0.0,0.0,0.0
bologna,balanced,high,mp_spillback_on85_off70,1,1184.053036,0.0,3704.9,1553.933829,0.0,4403.9,1375.252568,5.675687,4035.0,5000.0,4035.0,965.0,19.3,7722.0,1285.0,0.0,545.0,535.0,60922.0,0.0,0.0,0.0
bologna,balanced,high,mp_spillback_on90_off80,1,1194.567937,0.0,3613.2,1583.257399,0.0,4383.0,1402.585818,5.411673,4460.0,5000.0,4460.0,540.0,10.8,7975.0,1324.0,0.0,321.0,320.0,32450.0,0.0,0.0,0.0
bologna,balanced,high,mp_super,1,682.144319,0.0,2368.0,1082.687487,0.0,3113.5,900.568017,5.709573,4691.0,5000.0,4691.0,309.0,6.18,1571.0,0.0,0.0,66.0,55.0,5698.0,0.0,8216.0,17999.716516
bologna,balanced,high,mp_switch_eps1,1,1036.177682,0.0,3481.0,1388.405948,0.0,4151.9,1206.817382,5.798326,3934.0,5000.0,3934.0,1066.0,21.32,6339.0,1966.0,0.0,0.0,0.0,0.0,0.0,0.0,0.0
bologna,balanced,high,mp_switch_rel005,1,962.408777,0.0,3309.75,1316.149408,0.0,4021.75,1135.108094,5.971169,4056.0,5000.0,4056.0,944.0,18.88,8143.0,1302.0,0.0,0.0,0.0,0.0,0.0,0.0,0.0
bologna,balanced,high,mp_switch_rel010,1,1031.237897,0.0,3431.55,1390.598533,0.0,4048.3,1211.717115,5.790237,4090.0,5000.0,4090.0,910.0,18.2,8110.0,1350.0,0.0,0.0,0.0,0.0,0.0,0.0,0.0
bologna,balanced,low,fixed_program0,1,203.371333,0.0,492.0,475.541333,0.0,964.0,305.921973,8.479445,1500.0,1500.0,1500.0,0.0,0.0,0.0,0.0,0.0,0.0,0.0,0.0,0.0,0.0,0.0
bologna,balanced,low,fixed_tuned,1,263.068667,0.0,588.2,538.274,0.0,1036.1,368.643167,7.540757,1500.0,1500.0,1500.0,0.0,0.0,0.0,0.0,0.0,0.0,0.0,0.0,0.0,0.0,0.0
bologna,balanced,low,mp_base,1,431.402806,0.0,1650.6,696.496994,0.0,2199.2,524.323961,8.730434,1497.0,1500.0,1497.0,3.0,0.2,3683.0,1100.0,0.0,0.0,0.0,0.0,0.0,0.0,0.0
bologna,balanced,low,mp_downstream_b04,1,562.65576,0.0,2249.3,865.653715,0.0,2902.2,696.752059,6.999557,1467.0,1500.0,1467.0,33.0,2.2,18684.0,1238.0,0.0,0.0,0.0,0.0,0.0,0.0,0.0
bologna,balanced,low,mp_downstream_b08,1,568.803041,0.0,2465.4,873.177609,0.0,3126.2,705.569302,7.170297,1447.0,1500.0,1447.0,53.0,3.5333,18918.0,1286.0,0.0,0.0,0.0,0.0,0.0,0.0,0.0
bologna,balanced,low,mp_fair_mu3_w30,1,380.382,0.0,1537.15,644.054667,0.0,1886.55,472.653773,8.91756,1500.0,1500.0,1500.0,0.0,0.0,3930.0,1088.0,0.0,0.0,0.0,0.0,0.0,9047.0,9658.96235
bologna,balanced,low,mp_fair_mu5_w20,1,336.199333,0.0,1295.35,597.088667,0.0,1683.05,426.45488,9.006202,1500.0,1500.0,1500.0,0.0,0.0,3983.0,1066.0,0.0,0.0,0.0,0.0,0.0,6982.0,10946.57593
bologna,balanced,low,mp_lta_g040_sf050,1,394.223333,0.0,1556.15,660.511333,0.0,2003.3,488.321967,8.547685,1500.0,1500.0,1500.0,0.0,0.0,2690.0,1516.0,0.0,0.0,0.0,0.0,0.0,0.0,0.0
bologna,balanced,low,mp_lta_g060_sf050,1,416.629259,0.0,1383.0,682.784235,0.0,1858.2,510.896921,8.16891,1497.0,1500.0,1497.0,3.0,0.2,1733.0,2091.0,0.0,0.0,0.0,0.0,0.0,0.0,0.0
bologna,balanced,low,mp_nmin_a080_f2,1,481.113409,0.0,2035.0,750.842562,0.0,2537.8,577.914103,8.639949,1499.0,1500.0,1499.0,1.0,0.0667,3909.0,1098.0,405.0,0.0,0.0,0.0,0.0,0.0,0.0
bologna,balanced,low,mp_nmin_a120_f4,1,429.506,0.0,1827.25,696.121333,0.0,2310.15,523.515707,8.775174,1500.0,1500.0,1500.0,0.0,0.0,3852.0,1108.0,5815.0,0.0,0.0,0.0,0.0,0.0,0.0
bologna,balanced,low,mp_platoon_x2,1,402.287333,0.0,1535.75,667.564667,0.0,2041.0,495.02812,8.87232,1500.0,1500.0,1500.0,0.0,0.0,3654.0,1100.0,0.0,0.0,0.0,0.0,172.0,0.0,0.0
bologna,balanced,low,mp_platoon_x4,1,433.876667,0.0,1808.9,701.862667,0.0,2261.3,529.039027,8.692371,1500.0,1500.0,1500.0,0.0,0.0,3568.0,1107.0,0.0,0.0,0.0,0.0,203.0,0.0,0.0
bologna,balanced,low,mp_program0,1,194.095333,0.0,464.35,463.247333,0.0,919.1,293.61246,8.636784,1500.0,1500.0,1500.0,0.0,0.0,13.0,0.0,0.0,0.0,0.0,0.0,0.0,0.0,0.0
bologna,balanced,low,mp_spillback_on85_off70,1,413.572,0.0,1657.4,678.583333,0.0,2156.05,506.579367,8.749152,1500.0,1500.0,1500.0,0.0,0.0,3677.0,1093.0,0.0,15.0,15.0,541.0,0.0,0.0,0.0
bologna,balanced,low,mp_spillback_on90_off80,1,431.765333,0.0,1814.35,698.232,0.0,2268.15,525.970473,8.729126,1500.0,1500.0,1500.0,0.0,0.0,3646.0,1101.0,0.0,3.0,3.0,341.0,0.0,0.0,0.0
bologna,balanced,low,mp_super,1,197.899333,0.0,475.0,471.857333,0.0,974.25,302.23884,8.591453,1500.0,1500.0,1500.0,0.0,0.0,74.0,0.0,0.0,0.0,0.0,0.0,0.0,94.0,186.3612
bologna,balanced,low,mp_switch_eps1,1,414.323333,0.0,1660.95,680.378667,0.0,2143.35,507.908213,8.525371,1500.0,1500.0,1500.0,0.0,0.0,2703.0,1533.0,0.0,0.0,0.0,0.0,0.0,0.0,0.0
bologna,balanced,low,mp_switch_rel005,1,431.402806,0.0,1650.6,696.496994,0.0,2199.2,524.323961,8.730434,1497.0,1500.0,1497.0,3.0,0.2,3683.0,1100.0,0.0,0.0,0.0,0.0,0.0,0.0,0.0
bologna,balanced,low,mp_switch_rel010,1,431.835561,0.0,1705.5,696.581551,0.0,2163.5,524.290989,8.75163,1496.0,1500.0,1496.0,4.0,0.2667,3650.0,1139.0,0.0,0.0,0.0,0.0,0.0,0.0,0.0
bologna,balanced,medium,fixed_program0,1,528.503362,0.0,2181.0,868.195696,0.0,2914.75,692.75348,6.741733,2974.0,3000.0,2974.0,26.0,0.8667,0.0,0.0,0.0,0.0,0.0,0.0,0.0,0.0,0.0
bologna,balanced,medium,fixed_tuned,1,535.978667,0.0,1686.15,873.681,0.0,2401.05,700.694367,5.950807,3000.0,3000.0,3000.0,0.0,0.0,0.0,0.0,0.0,0.0,0.0,0.0,0.0,0.0,0.0
bologna,balanced,medium,mp_base,1,635.19297,0.0,2654.9,947.567195,0.0,3223.95,769.224935,7.470086,2902.0,3000.0,2902.0,98.0,3.2667,5762.0,1194.0,0.0,0.0,0.0,0.0,0.0,0.0,0.0
bologna,balanced,medium,mp_downstream_b04,1,941.508454,0.0,3590.4,1272.390499,0.0,4255.15,1100.899533,5.799983,2484.0,3000.0,2484.0,516.0,17.2,21700.0,1154.0,0.0,0.0,0.0,0.0,0.0,0.0,0.0
bologna,balanced,medium,mp_downstream_b08,1,1105.40818,0.0,3809.15,1451.356055,0.0,4493.8,1275.523536,5.348551,2494.0,3000.0,2494.0,506.0,16.8667,21799.0,1144.0,0.0,0.0,0.0,0.0,0.0,0.0,0.0
bologna,balanced,medium,mp_fair_mu3_w30,1,698.27737,0.0,2788.5,1022.285714,0.0,3380.25,844.845491,7.007437,2996.0,3000.0,2996.0,4.0,0.1333,6483.0,1195.0,0.0,0.0,0.0,0.0,0.0,28578.0,44263.88695
bologna,balanced,medium,mp_fair_mu5_w20,1,686.449848,0.0,2569.0,1003.387707,0.0,3159.0,825.147423,7.175453,2961.0,3000.0,2961.0,39.0,1.3,6475.0,1194.0,0.0,0.0,0.0,0.0,0.0,25736.0,75018.600936
bologna,balanced,medium,mp_lta_g040_sf050,1,616.112666,0.0,2490.8,923.903039,0.0,3035.2,745.489601,7.471673,2929.0,3000.0,2929.0,71.0,2.3667,4416.0,1700.0,0.0,0.0,0.0,0.0,0.0,0.0,0.0
bologna,balanced,medium,mp_lta_g060_sf050,1,615.200205,0.0,2823.9,921.063779,0.0,3381.65,742.919345,7.295691,2932.0,3000.0,2932.0,68.0,2.2667,3228.0,2310.0,0.0,0.0,0.0,0.0,0.0,0.0,0.0
bologna,balanced,medium,mp_nmin_a080_f2,1,719.55284,0.0,2846.0,1042.769019,0.0,3497.4,863.808475,7.167482,2905.0,3000.0,2905.0,95.0,3.1667,6656.0,1209.0,2449.0,0.0,0.0,0.0,0.0,0.0,0.0
bologna,balanced,medium,mp_nmin_a120_f4,1,738.870332,0.0,3109.8,1055.528008,0.0,3750.5,876.709948,7.313384,2892.0,3000.0,2892.0,108.0,3.6,6603.0,1246.0,11490.0,0.0,0.0,0.0,0.0,0.0,0.0
bologna,balanced,medium,mp_platoon_x2,1,689.903039,0.0,2636.6,1004.144418,0.0,3264.0,826.937426,7.29695,2929.0,3000.0,2929.0,71.0,2.3667,5881.0,1204.0,0.0,0.0,0.0,0.0,397.0,0.0,0.0
bologna,balanced,medium,mp_platoon_x4,1,679.187906,0.0,2708.1,997.394602,0.0,3331.7,820.49714,7.223072,2927.0,3000.0,2927.0,73.0,2.4333,5785.0,1233.0,0.0,0.0,0.0,0.0,679.0,0.0,0.0
bologna,balanced,medium,mp_program0,1,435.511853,0.0,1942.8,753.904841,0.0,2447.0,578.631519,6.938137,2995.0,3000.0,2995.0,5.0,0.1667,239.0,0.0,0.0,0.0,0.0,0.0,0.0,0.0,0.0
bologna,balanced,medium,mp_spillback_on85_off70,1,659.846546,0.0,2596.1,971.742429,0.0,3175.1,792.987125,7.346559,2939.0,3000.0,2939.0,61.0,2.0333,5765.0,1191.0,0.0,82.0,82.0,6839.0,0.0,0.0,0.0
bologna,balanced,medium,mp_spillback_on90_off80,1,622.60485,0.0,2334.85,934.027322,0.0,2951.85,756.279095,7.449943,2928.0,3000.0,2928.0,72.0,2.4,5621.0,1167.0,0.0,65.0,65.0,6058.0,0.0,0.0,0.0
bologna,balanced,medium,mp_super,1,462.677667,0.0,2289.35,782.583333,0.0,2802.15,605.915527,6.927048,3000.0,3000.0,3000.0,0.0,0.0,557.0,0.0,0.0,3.0,1.0,30.0,0.0,2031.0,4682.151983
bologna,balanced,medium,mp_switch_eps1,1,694.453644,0.0,2844.6,1007.016079,0.0,3461.0,829.22209,7.184705,2923.0,3000.0,2923.0,77.0,2.5667,4319.0,1717.0,0.0,0.0,0.0,0.0,0.0,0.0,0.0
bologna,balanced,medium,mp_switch_rel005,1,639.174777,0.0,2552.75,948.566827,0.0,3134.95,770.53816,7.42899,2918.0,3000.0,2918.0,82.0,2.7333,5755.0,1219.0,0.0,0.0,0.0,0.0,0.0,0.0,0.0
bologna,balanced,medium,mp_switch_rel010,1,689.618219,0.0,2848.0,1006.199249,0.0,3465.0,828.914493,7.493198,2931.0,3000.0,2931.0,69.0,2.3,5808.0,1199.0,0.0,0.0,0.0,0.0,0.0,0.0,0.0
bologna,peak,high,fixed_program0,1,1355.563006,0.0,3633.2,1939.488125,0.0,4670.0,1732.034652,3.941007,3579.0,5000.0,3579.0,1421.0,28.42,0.0,0.0,0.0,0.0,0.0,0.0,0.0,0.0,0.0
bologna,peak,high,fixed_tuned,1,1435.625702,0.0,3823.75,1960.38116,0.0,4747.25,1761.040197,3.54237,3206.0,5000.0,3206.0,1794.0,35.88,0.0,0.0,0.0,0.0,0.0,0.0,0.0,0.0,0.0
bologna,peak,high,mp_base,1,1184.748489,0.0,3879.3,1626.461103,0.0,4599.2,1423.864909,4.94003,2648.0,5000.0,2648.0,2352.0,47.04,6646.0,1113.0,0.0,0.0,0.0,0.0,0.0,0.0,0.0
bologna,peak,high,mp_downstream_b04,1,1484.786325,0.0,4113.35,1908.73344,0.0,4815.7,1711.441827,4.105465,1872.0,5000.0,1872.0,3128.0,62.56,18249.0,969.0,0.0,0.0,0.0,0.0,0.0,0.0,0.0
bologna,peak,high,mp_downstream_b08,1,1468.844765,0.0,4003.5,1914.019598,0.0,4710.3,1710.086529,3.908051,1939.0,5000.0,1939.0,3061.0,61.22,18451.0,1047.0,0.0,0.0,0.0,0.0,0.0,0.0,0.0
bologna,peak,high,mp_fair_mu3_w30,1,1251.640701,0.0,3678.6,1710.877749,0.0,4409.8,1510.420637,4.670216,2683.0,5000.0,2683.0,2317.0,46.34,8251.0,1031.0,0.0,0.0,0.0,0.0,0.0,145439.0,319243.615243
bologna,peak,high,mp_fair_mu5_w20,1,1239.252593,0.0,3803.05,1706.022222,0.0,4476.0,1507.357889,4.594311,2700.0,5000.0,2700.0,2300.0,46.0,8904.0,1014.0,0.0,0.0,0.0,0.0,0.0,130629.0,503502.929991
bologna,peak,high,mp_lta_g040_sf050,1,1351.085294,0.0,4016.2,1805.595956,0.0,4723.05,1600.426993,4.761374,2720.0,5000.0,2720.0,2280.0,45.6,5470.0,1627.0,0.0,0.0,0.0,0.0,0.0,0.0,0.0
bologna,peak,high,mp_lta_g060_sf050,1,1404.105792,0.0,3916.1,1843.710425,0.0,4604.35,1637.539459,4.720042,2590.0,5000.0,2590.0,2410.0,48.2,4209.0,2131.0,0.0,0.0,0.0,0.0,0.0,0.0,0.0
bologna,peak,high,mp_nmin_a080_f2,1,1142.853204,0.0,3512.0,1612.852039,0.0,4339.1,1409.576113,4.782292,2575.0,5000.0,2575.0,2425.0,48.5,8755.0,1132.0,10795.0,0.0,0.0,0.0,0.0,0.0,0.0
bologna,peak,high,mp_nmin_a120_f4,1,1026.651888,0.0,3639.25,1439.582923,0.0,4334.5,1239.014023,5.39983,2436.0,5000.0,2436.0,2564.0,51.28,7663.0,1018.0,21518.0,0.0,0.0,0.0,0.0,0.0,0.0
bologna,peak,high,mp_platoon_x2,1,1164.337959,0.0,3804.75,1600.794824,0.0,4582.0,1401.08497,5.081751,2666.0,5000.0,2666.0,2334.0,46.68,7017.0,1073.0,0.0,0.0,0.0,0.0,527.0,0.0,0.0
bologna,peak,high,mp_platoon_x4,1,1211.996918,0.0,3867.75,1654.92527,0.0,4620.5,1452.460636,5.002259,2596.0,5000.0,2596.0,2404.0,48.08,6675.0,1056.0,0.0,0.0,0.0,0.0,842.0,0.0,0.0
bologna,peak,high,mp_program0,1,1432.3618,0.0,3479.0,2081.826898,0.0,4801.0,1880.673168,3.663556,3911.0,5000.0,3911.0,1089.0,21.78,2770.0,0.0,0.0,0.0,0.0,0.0,0.0,0.0,0.0
bologna,peak,high,mp_spillback_on85_off70,1,1257.575516,0.0,3814.0,1712.068091,0.0,4558.0,1510.877606,4.72224,2761.0,5000.0,2761.0,2239.0,44.78,6661.0,1084.0,0.0,875.0,853.0,98645.0,0.0,0.0,0.0
bologna,peak,high,mp_spillback_on90_off80,1,1245.048411,0.0,3833.7,1689.42587,0.0,4524.0,1490.554474,4.835675,2644.0,5000.0,2644.0,2356.0,47.12,6580.0,1054.0,0.0,838.0,813.0,88326.0,0.0,0.0,0.0
bologna,peak,high,mp_super,1,1426.840852,0.0,3498.8,2062.077775,0.0,4576.4,1857.645729,3.744019,3613.0,5000.0,3613.0,1387.0,27.74,3705.0,0.0,0.0,327.0,299.0,29718.0,0.0,22435.0,48321.785337
bologna,peak,high,mp_switch_eps1,1,1288.355067,0.0,3725.55,1732.544337,0.0,4445.1,1531.617671,4.843399,2684.0,5000.0,2684.0,2316.0,46.32,5415.0,1712.0,0.0,0.0,0.0,0.0,0.0,0.0,0.0
bologna,peak,high,mp_switch_rel005,1,1091.055661,0.0,3507.0,1528.688754,0.0,4226.0,1327.246119,5.068673,2641.0,5000.0,2641.0,2359.0,47.18,6885.0,1088.0,0.0,0.0,0.0,0.0,0.0,0.0,0.0
bologna,peak,high,mp_switch_rel010,1,1217.696655,0.0,3819.0,1667.707805,0.0,4564.0,1467.911699,4.907361,2601.0,5000.0,2601.0,2399.0,47.98,6653.0,1138.0,0.0,0.0,0.0,0.0,0.0,0.0,0.0
bologna,peak,low,fixed_program0,1,698.902276,0.0,2847.05,1117.52008,0.0,3618.3,913.171526,6.249264,1494.0,1500.0,1494.0,6.0,0.4,0.0,0.0,0.0,0.0,0.0,0.0,0.0,0.0,0.0
bologna,peak,low,fixed_tuned,1,727.909091,0.0,2627.5,1149.546791,0.0,3445.5,945.785702,5.501836,1496.0,1500.0,1496.0,4.0,0.2667,0.0,0.0,0.0,0.0,0.0,0.0,0.0,0.0,0.0
bologna,peak,low,mp_base,1,735.158677,0.0,2237.0,1123.704929,0.0,2958.0,917.551634,7.01204,1481.0,1500.0,1481.0,19.0,1.2667,3368.0,985.0,0.0,0.0,0.0,0.0,0.0,0.0,0.0
bologna,peak,low,mp_downstream_b04,1,914.44335,0.0,3432.9,1309.666667,0.0,4264.0,1112.555755,5.90225,1218.0,1500.0,1218.0,282.0,18.8,17251.0,1124.0,0.0,0.0,0.0,0.0,0.0,0.0,0.0
bologna,peak,low,mp_downstream_b08,1,901.215307,0.0,3322.8,1287.454163,0.0,4032.2,1089.496863,5.973129,1189.0,1500.0,1189.0,311.0,20.7333,17421.0,1217.0,0.0,0.0,0.0,0.0,0.0,0.0,0.0
bologna,peak,low,mp_fair_mu3_w30,1,745.916,0.0,2239.6,1133.496667,0.0,2895.95,928.120273,6.792343,1500.0,1500.0,1500.0,0.0,0.0,3601.0,946.0,0.0,0.0,0.0,0.0,0.0,15051.0,22748.579292
bologna,peak,low,mp_fair_mu5_w20,1,734.720667,0.0,2144.5,1122.659333,0.0,2841.2,916.243027,6.779356,1500.0,1500.0,1500.0,0.0,0.0,3616.0,907.0,0.0,0.0,0.0,0.0,0.0,14015.0,38812.679074
bologna,peak,low,mp_lta_g040_sf050,1,754.58623,0.0,2430.5,1136.760027,0.0,3054.25,930.300455,6.854736,1496.0,1500.0,1496.0,4.0,0.2667,2495.0,1307.0,0.0,0.0,0.0,0.0,0.0,0.0,0.0
bologna,peak,low,mp_lta_g060_sf050,1,702.983333,0.0,2213.2,1083.764667,0.0,2928.4,877.9879,6.952195,1500.0,1500.0,1500.0,0.0,0.0,1662.0,1793.0,0.0,0.0,0.0,0.0,0.0,0.0,0.0
bologna,peak,low,mp_nmin_a080_f2,1,738.855003,0.0,2268.4,1135.695711,0.0,2950.2,929.329176,6.778722,1469.0,1500.0,1469.0,31.0,2.0667,3803.0,928.0,1151.0,0.0,0.0,0.0,0.0,0.0,0.0
bologna,peak,low,mp_nmin_a120_f4,1,830.31,0.0,2761.75,1226.935333,0.0,3463.15,1020.13268,6.75111,1500.0,1500.0,1500.0,0.0,0.0,3637.0,942.0,6070.0,0.0,0.0,0.0,0.0,0.0,0.0
bologna,peak,low,mp_platoon_x2,1,699.896412,0.0,2062.6,1085.747461,0.0,2783.0,879.715538,6.976883,1477.0,1500.0,1477.0,23.0,1.5333,3274.0,948.0,0.0,0.0,0.0,0.0,317.0,0.0,0.0
bologna,peak,low,mp_platoon_x4,1,807.723746,0.0,2371.0,1193.208696,0.0,3057.3,986.465003,6.965091,1495.0,1500.0,1495.0,5.0,0.3333,3298.0,988.0,0.0,0.0,0.0,0.0,576.0,0.0,0.0
bologna,peak,low,mp_program0,1,461.791333,0.0,1580.2,862.796,0.0,2280.2,658.198907,6.750542,1500.0,1500.0,1500.0,0.0,0.0,134.0,0.0,0.0,0.0,0.0,0.0,0.0,0.0,0.0
bologna,peak,low,mp_spillback_on85_off70,1,774.909578,0.0,2332.6,1164.03282,0.0,3089.0,958.207897,6.90829,1493.0,1500.0,1493.0,7.0,0.4667,3352.0,952.0,0.0,56.0,56.0,4857.0,0.0,0.0,0.0
bologna,peak,low,mp_spillback_on90_off80,1,727.879333,0.0,2250.1,1117.237333,0.0,2912.9,911.21518,6.963211,1500.0,1500.0,1500.0,0.0,0.0,3297.0,923.0,0.0,32.0,32.0,2622.0,0.0,0.0,0.0
bologna,peak,low,mp_super,1,445.511333,0.0,1411.05,852.179333,0.0,2199.0,647.784593,6.765065,1500.0,1500.0,1500.0,0.0,0.0,265.0,0.0,0.0,1.0,0.0,4.0,0.0,642.0,1114.115986
bologna,peak,low,mp_switch_eps1,1,783.818,0.0,2579.25,1158.472667,0.0,3220.4,951.773153,6.914612,1500.0,1500.0,1500.0,0.0,0.0,2522.0,1349.0,0.0,0.0,0.0,0.0,0.0,0.0,0.0
bologna,peak,low,mp_switch_rel005,1,735.158677,0.0,2237.0,1123.704929,0.0,2958.0,917.551634,7.01204,1481.0,1500.0,1481.0,19.0,1.2667,3368.0,985.0,0.0,0.0,0.0,0.0,0.0,0.0,0.0
bologna,peak,low,mp_switch_rel010,1,764.562667,0.0,2328.05,1150.857333,0.0,3008.45,944.45138,6.936947,1500.0,1500.0,1500.0,0.0,0.0,3342.0,968.0,0.0,0.0,0.0,0.0,0.0,0.0,0.0
bologna,peak,medium,fixed_program0,1,998.771121,0.0,3178.65,1498.384409,0.0,3943.55,1297.481601,4.957799,2604.0,3000.0,2604.0,396.0,13.2,0.0,0.0,0.0,0.0,0.0,0.0,0.0,0.0,0.0
bologna,peak,medium,fixed_tuned,1,1180.152072,0.0,3203.6,1678.676701,0.0,4168.3,1477.327498,4.118228,2558.0,3000.0,2558.0,442.0,14.7333,0.0,0.0,0.0,0.0,0.0,0.0,0.0,0.0,0.0
bologna,peak,medium,mp_base,1,1255.093102,0.0,4001.0,1681.071519,0.0,4787.6,1479.271968,5.808433,2363.0,3000.0,2363.0,637.0,21.2333,5407.0,1166.0,0.0,0.0,0.0,0.0,0.0,0.0,0.0
bologna,peak,medium,mp_downstream_b04,1,1261.469965,0.0,3832.15,1680.028857,0.0,4463.6,1478.283145,4.576193,1698.0,3000.0,1698.0,1302.0,43.4,18543.0,1041.0,0.0,0.0,0.0,0.0,0.0,0.0,0.0
bologna,peak,medium,mp_downstream_b08,1,1278.087868,0.0,3759.85,1713.731293,0.0,4442.4,1509.584212,4.425136,1764.0,3000.0,1764.0,1236.0,41.2,18883.0,1097.0,0.0,0.0,0.0,0.0,0.0,0.0,0.0
bologna,peak,medium,mp_fair_mu3_w30,1,1232.264947,0.0,3841.7,1687.300983,0.0,4597.6,1485.803309,5.464383,2442.0,3000.0,2442.0,558.0,18.6,6197.0,1142.0,0.0,0.0,0.0,0.0,0.0,60590.0,120373.766604
bologna,peak,medium,mp_fair_mu5_w20,1,1257.178808,0.0,4118.6,1682.375717,0.0,4843.2,1483.336954,5.607704,2265.0,3000.0,2265.0,735.0,24.5,6381.0,1140.0,0.0,0.0,0.0,0.0,0.0,56305.0,206348.656712
bologna,peak,medium,mp_lta_g040_sf050,1,1334.274535,0.0,3926.05,1763.131134,0.0,4754.85,1557.851151,5.587153,2364.0,3000.0,2364.0,636.0,21.2,4223.0,1667.0,0.0,0.0,0.0,0.0,0.0,0.0,0.0
bologna,peak,medium,mp_lta_g060_sf050,1,1025.8536,0.0,3821.4,1411.904149,0.0,4509.0,1211.416848,6.017597,2097.0,3000.0,2097.0,903.0,30.1,2982.0,2056.0,0.0,0.0,0.0,0.0,0.0,0.0,0.0
bologna,peak,medium,mp_nmin_a080_f2,1,1258.727854,0.0,3992.55,1696.209589,0.0,4788.55,1493.695087,5.39179,2190.0,3000.0,2190.0,810.0,27.0,6623.0,1144.0,4911.0,0.0,0.0,0.0,0.0,0.0,0.0
bologna,peak,medium,mp_nmin_a120_f4,1,1348.048831,0.0,3933.0,1805.119409,0.0,4770.0,1595.934346,5.451823,2437.0,3000.0,2437.0,563.0,18.7667,6272.0,1168.0,13784.0,0.0,0.0,0.0,0.0,0.0,0.0
bologna,peak,medium,mp_platoon_x2,1,1198.609436,0.0,3764.6,1635.074268,0.0,4589.0,1427.738637,5.766227,2289.0,3000.0,2289.0,711.0,23.7,5281.0,1154.0,0.0,0.0,0.0,0.0,528.0,0.0,0.0
bologna,peak,medium,mp_platoon_x4,1,1189.891253,0.0,3560.3,1647.058708,0.0,4391.05,1441.657136,5.298586,2538.0,3000.0,2538.0,462.0,15.4,5548.0,1223.0,0.0,0.0,0.0,0.0,968.0,0.0,0.0
bologna,peak,medium,mp_program0,1,901.633298,0.0,2826.2,1446.065673,0.0,3925.2,1241.684061,4.886831,2817.0,3000.0,2817.0,183.0,6.1,845.0,0.0,0.0,0.0,0.0,0.0,0.0,0.0,0.0
bologna,peak,medium,mp_spillback_on85_off70,1,1225.68088,0.0,4013.3,1638.9614,0.0,4753.9,1441.023829,5.567763,2228.0,3000.0,2228.0,772.0,25.7333,5418.0,1125.0,0.0,444.0,442.0,38285.0,0.0,0.0,0.0
bologna,peak,medium,mp_spillback_on90_off80,1,960.201975,0.0,3943.0,1333.48642,0.0,4576.4,1134.274183,6.347097,2025.0,3000.0,2025.0,975.0,32.5,5165.0,1100.0,0.0,333.0,329.0,31781.0,0.0,0.0,0.0
bologna,peak,medium,mp_super,1,957.076573,0.0,3066.7,1506.751399,0.0,4168.4,1303.262084,4.779842,2860.0,3000.0,2860.0,140.0,4.6667,1293.0,0.0,0.0,139.0,130.0,5978.0,0.0,5231.0,10165.601626
bologna,peak,medium,mp_switch_eps1,1,1270.017515,0.0,3819.75,1706.021268,0.0,4656.5,1501.614441,5.65381,2398.0,3000.0,2398.0,602.0,20.0667,4217.0,1706.0,0.0,0.0,0.0,0.0,0.0,0.0,0.0
bologna,peak,medium,mp_switch_rel005,1,1251.208045,0.0,4105.45,1668.799308,0.0,4837.9,1468.13061,5.880372,2312.0,3000.0,2312.0,688.0,22.9333,5297.0,1162.0,0.0,0.0,0.0,0.0,0.0,0.0,0.0
bologna,peak,medium,mp_switch_rel010,1,1074.888109,0.0,3910.25,1467.935861,0.0,4584.25,1270.210679,5.853085,2136.0,3000.0,2136.0,864.0,28.8,5297.0,1142.0,0.0,0.0,0.0,0.0,0.0,0.0,0.0
bologna,skewed,high,fixed_program0,1,1220.728745,0.0,3541.8,1749.207287,0.0,4631.2,1545.25092,4.228128,3705.0,5000.0,3705.0,1295.0,25.9,0.0,0.0,0.0,0.0,0.0,0.0,0.0,0.0,0.0
bologna,skewed,high,fixed_tuned,1,1318.840149,0.0,3637.0,1822.561338,0.0,4580.0,1624.126008,3.737753,3497.0,5000.0,3497.0,1503.0,30.06,0.0,0.0,0.0,0.0,0.0,0.0,0.0,0.0,0.0
bologna,skewed,high,mp_base,1,1022.532371,0.0,3969.7,1383.521841,0.0,4591.55,1180.659017,6.306522,2564.0,5000.0,2564.0,2436.0,48.72,6901.0,1189.0,0.0,0.0,0.0,0.0,0.0,0.0,0.0
bologna,skewed,high,mp_downstream_b04,1,1387.145929,0.0,4237.4,1814.105991,0.0,5030.8,1605.629688,4.582392,1953.0,5000.0,1953.0,3047.0,60.94,19650.0,1066.0,0.0,0.0,0.0,0.0,0.0,0.0,0.0
bologna,skewed,high,mp_downstream_b08,1,1470.800404,0.0,4466.2,1890.741283,0.0,5157.1,1686.062153,4.391163,1979.0,5000.0,1979.0,3021.0,60.42,19713.0,1124.0,0.0,0.0,0.0,0.0,0.0,0.0,0.0
bologna,skewed,high,mp_fair_mu3_w30,1,994.263378,0.0,3682.6,1385.72334,0.0,4418.9,1185.108713,5.9476,2635.0,5000.0,2635.0,2365.0,47.3,8541.0,1123.0,0.0,0.0,0.0,0.0,0.0,138385.0,295835.383493
bologna,skewed,high,mp_fair_mu5_w20,1,1014.763465,0.0,3660.8,1413.487759,0.0,4253.3,1215.833397,5.658332,2655.0,5000.0,2655.0,2345.0,46.9,9487.0,1067.0,0.0,0.0,0.0,0.0,0.0,121995.0,461700.221572
bologna,skewed,high,mp_lta_g040_sf050,1,920.354888,0.0,3654.6,1282.930011,0.0,4262.4,1079.930784,6.348026,2629.0,5000.0,2629.0,2371.0,47.42,5505.0,1696.0,0.0,0.0,0.0,0.0,0.0,0.0,0.0
bologna,skewed,high,mp_lta_g060_sf050,1,913.414286,0.0,3633.1,1270.904633,0.0,4262.8,1065.94561,6.12641,2590.0,5000.0,2590.0,2410.0,48.2,4354.0,2212.0,0.0,0.0,0.0,0.0,0.0,0.0,0.0
bologna,skewed,high,mp_nmin_a080_f2,1,958.982937,0.0,3892.95,1340.499603,0.0,4512.45,1137.70179,6.091437,2520.0,5000.0,2520.0,2480.0,49.6,9194.0,1130.0,8483.0,0.0,0.0,0.0,0.0,0.0,0.0
bologna,skewed,high,mp_nmin_a120_f4,1,982.113378,0.0,3940.6,1360.778737,0.0,4584.2,1155.221267,6.051381,2549.0,5000.0,2549.0,2451.0,49.02,8534.0,1184.0,20251.0,0.0,0.0,0.0,0.0,0.0,0.0
bologna,skewed,high,mp_platoon_x2,1,1035.215909,0.0,4170.05,1404.030172,0.0,4844.9,1199.045823,6.145931,2552.0,5000.0,2552.0,2448.0,48.96,7026.0,1148.0,0.0,0.0,0.0,0.0,502.0,0.0,0.0
bologna,skewed,high,mp_platoon_x4,1,997.027435,0.0,3769.7,1360.549105,0.0,4438.0,1162.86705,6.090258,2515.0,5000.0,2515.0,2485.0,49.7,7046.0,1153.0,0.0,0.0,0.0,0.0,854.0,0.0,0.0
bologna,skewed,high,mp_program0,1,1203.844618,0.0,3266.45,1801.200606,0.0,4392.3,1600.477552,4.194777,3958.0,5000.0,3958.0,1042.0,20.84,2400.0,0.0,0.0,0.0,0.0,0.0,0.0,0.0,0.0
bologna,skewed,high,mp_spillback_on85_off70,1,1051.783699,0.0,3793.45,1422.768025,0.0,4512.1,1226.108973,6.05569,2552.0,5000.0,2552.0,2448.0,48.96,6671.0,1151.0,0.0,999.0,968.0,118434.0,0.0,0.0,0.0
bologna,skewed,high,mp_spillback_on90_off80,1,969.08766,0.0,3572.15,1342.129421,0.0,4254.15,1136.024056,6.149763,2658.0,5000.0,2658.0,2342.0,46.84,6921.0,1149.0,0.0,759.0,735.0,91510.0,0.0,0.0,0.0
bologna,skewed,high,mp_super,1,1086.538183,0.0,3059.15,1672.583132,0.0,4162.3,1469.206061,4.347143,4138.0,5000.0,4138.0,862.0,17.24,2682.0,0.0,0.0,276.0,261.0,17239.0,0.0,14127.0,27872.065071
bologna,skewed,high,mp_switch_eps1,1,916.154963,0.0,3545.2,1276.567281,0.0,4204.2,1079.616665,6.247538,2549.0,5000.0,2549.0,2451.0,49.02,5432.0,1729.0,0.0,0.0,0.0,0.0,0.0,0.0,0.0
bologna,skewed,high,mp_switch_rel005,1,978.487322,0.0,3790.1,1338.45523,0.0,4429.55,1133.908871,6.392603,2524.0,5000.0,2524.0,2476.0,49.52,6633.0,1129.0,0.0,0.0,0.0,0.0,0.0,0.0,0.0
bologna,skewed,high,mp_switch_rel010,1,927.168457,0.0,3831.75,1289.996163,0.0,4540.75,1088.81538,6.292716,2606.0,5000.0,2606.0,2394.0,47.88,7060.0,1168.0,0.0,0.0,0.0,0.0,0.0,0.0,0.0
bologna,skewed,low,fixed_program0,1,404.602,0.0,1518.3,781.496,0.0,2271.15,578.02844,7.237042,1500.0,1500.0,1500.0,0.0,0.0,0.0,0.0,0.0,0.0,0.0,0.0,0.0,0.0,0.0
bologna,skewed,low,fixed_tuned,1,485.292667,0.0,1641.55,872.76,0.0,2461.3,669.295607,6.362666,1500.0,1500.0,1500.0,0.0,0.0,0.0,0.0,0.0,0.0,0.0,0.0,0.0,0.0,0.0
bologna,skewed,low,mp_base,1,672.088,0.0,2099.0,1032.998667,0.0,2591.75,827.46218,7.214164,1500.0,1500.0,1500.0,0.0,0.0,3663.0,1137.0,0.0,0.0,0.0,0.0,0.0,0.0,0.0
bologna,skewed,low,mp_downstream_b04,1,773.787304,0.0,3077.4,1144.1723,0.0,3851.0,945.03136,6.455379,1213.0,1500.0,1213.0,287.0,19.1333,18663.0,1241.0,0.0,0.0,0.0,0.0,0.0,0.0,0.0
bologna,skewed,low,mp_downstream_b08,1,871.151973,0.0,3275.5,1243.08984,0.0,3957.5,1044.435088,6.051174,1191.0,1500.0,1191.0,309.0,20.6,18968.0,1271.0,0.0,0.0,0.0,0.0,0.0,0.0,0.0
bologna,skewed,low,mp_fair_mu3_w30,1,696.628,0.0,2377.6,1067.380667,0.0,3006.15,862.063607,7.375244,1500.0,1500.0,1500.0,0.0,0.0,3895.0,1083.0,0.0,0.0,0.0,0.0,0.0,14715.0,21629.868192
bologna,skewed,low,mp_fair_mu5_w20,1,628.776667,0.0,1970.25,985.519333,0.0,2521.6,780.47392,7.366913,1500.0,1500.0,1500.0,0.0,0.0,4121.0,1119.0,0.0,0.0,0.0,0.0,0.0,12740.0,32532.673059
bologna,skewed,low,mp_lta_g040_sf050,1,663.693333,0.0,2058.75,1030.761333,0.0,2689.15,825.330487,7.13346,1500.0,1500.0,1500.0,0.0,0.0,2712.0,1492.0,0.0,0.0,0.0,0.0,0.0,0.0,0.0
bologna,skewed,low,mp_lta_g060_sf050,1,588.067333,0.0,1904.05,945.662667,0.0,2353.8,740.52122,7.117374,1500.0,1500.0,1500.0,0.0,0.0,1772.0,2048.0,0.0,0.0,0.0,0.0,0.0,0.0,0.0
bologna,skewed,low,mp_nmin_a080_f2,1,713.599333,0.0,2403.0,1078.851333,0.0,2896.3,873.44986,7.13245,1500.0,1500.0,1500.0,0.0,0.0,4046.0,1109.0,799.0,0.0,0.0,0.0,0.0,0.0,0.0
bologna,skewed,low,mp_nmin_a120_f4,1,662.572,0.0,2340.85,1029.442,0.0,2964.85,823.479953,7.489175,1500.0,1500.0,1500.0,0.0,0.0,3949.0,1113.0,6425.0,0.0,0.0,0.0,0.0,0.0,0.0
bologna,skewed,low,mp_platoon_x2,1,644.274,0.0,2108.2,994.086667,0.0,2577.05,788.815947,7.429917,1500.0,1500.0,1500.0,0.0,0.0,3617.0,1133.0,0.0,0.0,0.0,0.0,292.0,0.0,0.0
bologna,skewed,low,mp_platoon_x4,1,560.870667,0.0,1779.15,913.071333,0.0,2310.9,707.971727,7.674482,1500.0,1500.0,1500.0,0.0,0.0,3608.0,1050.0,0.0,0.0,0.0,0.0,496.0,0.0,0.0
bologna,skewed,low,mp_program0,1,276.558,0.0,610.1,632.18,0.0,1201.1,428.703513,7.815335,1500.0,1500.0,1500.0,0.0,0.0,72.0,0.0,0.0,0.0,0.0,0.0,0.0,0.0,0.0
bologna,skewed,low,mp_spillback_on85_off70,1,664.654667,0.0,2062.2,1027.991333,0.0,2610.1,822.701893,7.20106,1500.0,1500.0,1500.0,0.0,0.0,3601.0,1107.0,0.0,43.0,43.0,5164.0,0.0,0.0,0.0
bologna,skewed,low,mp_spillback_on90_off80,1,646.634,0.0,1963.9,1008.517333,0.0,2483.05,803.259287,7.239626,1500.0,1500.0,1500.0,0.0,0.0,3662.0,1125.0,0.0,17.0,17.0,2376.0,0.0,0.0,0.0
bologna,skewed,low,mp_super,1,253.896,0.0,528.1,607.134667,0.0,1108.1,403.673767,7.971203,1500.0,1500.0,1500.0,0.0,0.0,164.0,0.0,0.0,0.0,0.0,0.0,0.0,162.0,276.994406
bologna,skewed,low,mp_switch_eps1,1,631.191333,0.0,1967.45,982.008667,0.0,2422.05,776.76786,7.184019,1500.0,1500.0,1500.0,0.0,0.0,2695.0,1556.0,0.0,0.0,0.0,0.0,0.0,0.0,0.0
bologna,skewed,low,mp_switch_rel005,1,672.088,0.0,2099.0,1032.998667,0.0,2591.75,827.46218,7.214164,1500.0,1500.0,1500.0,0.0,0.0,3663.0,1137.0,0.0,0.0,0.0,0.0,0.0,0.0,0.0
bologna,skewed,low,mp_switch_rel010,1,668.381333,0.0,2152.65,1029.628667,0.0,2722.6,824.172627,7.257983,1500.0,1500.0,1500.0,0.0,0.0,3673.0,1153.0,0.0,0.0,0.0,0.0,0.0,0.0,0.0
bologna,skewed,medium,fixed_program0,1,750.691057,0.0,2502.25,1197.586475,0.0,3330.25,997.064054,5.583546,2706.0,3000.0,2706.0,294.0,9.8,0.0,0.0,0.0,0.0,0.0,0.0,0.0,0.0,0.0
bologna,skewed,medium,fixed_tuned,1,1005.800821,0.0,2959.0,1474.287206,0.0,3811.0,1274.917449,4.510574,2681.0,3000.0,2681.0,319.0,10.6333,0.0,0.0,0.0,0.0,0.0,0.0,0.0,0.0,0.0
bologna,skewed,medium,mp_base,1,1190.67602,0.0,3884.45,1594.179422,0.0,4588.0,1389.054996,6.207405,2352.0,3000.0,2352.0,648.0,21.6,5686.0,1317.0,0.0,0.0,0.0,0.0,0.0,0.0,0.0
bologna,skewed,medium,mp_downstream_b04,1,1271.881586,0.0,4029.0,1679.887819,0.0,4715.6,1478.736261,4.890371,1765.0,3000.0,1765.0,1235.0,41.1667,20162.0,1174.0,0.0,0.0,0.0,0.0,0.0,0.0,0.0
bologna,skewed,medium,mp_downstream_b08,1,1213.362153,0.0,3891.7,1627.726482,0.0,4596.5,1426.20354,4.964435,1839.0,3000.0,1839.0,1161.0,38.7,20588.0,1187.0,0.0,0.0,0.0,0.0,0.0,0.0,0.0
bologna,skewed,medium,mp_fair_mu3_w30,1,1257.346997,0.0,4065.25,1681.149756,0.0,4735.55,1476.78039,6.006737,2464.0,3000.0,2464.0,536.0,17.8667,6535.0,1301.0,0.0,0.0,0.0,0.0,0.0,54787.0,108670.398036
bologna,skewed,medium,mp_fair_mu5_w20,1,1082.145639,0.0,3418.75,1503.917866,0.0,4271.4,1298.828357,6.183223,2362.0,3000.0,2362.0,638.0,21.2667,6644.0,1291.0,0.0,0.0,0.0,0.0,0.0,55971.0,204082.968171
bologna,skewed,medium,mp_lta_g040_sf050,1,1230.406919,0.0,4150.55,1650.004119,0.0,4802.65,1444.740638,5.998817,2428.0,3000.0,2428.0,572.0,19.0667,4521.0,1920.0,0.0,0.0,0.0,0.0,0.0,0.0,0.0
bologna,skewed,medium,mp_lta_g060_sf050,1,1132.17354,0.0,3542.2,1554.857085,0.0,4319.2,1349.726468,5.984929,2449.0,3000.0,2449.0,551.0,18.3667,3308.0,2503.0,0.0,0.0,0.0,0.0,0.0,0.0,0.0
bologna,skewed,medium,mp_nmin_a080_f2,1,1188.108715,0.0,4048.45,1599.251761,0.0,4734.45,1397.219652,6.097156,2272.0,3000.0,2272.0,728.0,24.2667,6858.0,1292.0,3565.0,0.0,0.0,0.0,0.0,0.0,0.0
bologna,skewed,medium,mp_nmin_a120_f4,1,1293.623775,0.0,4200.8,1714.535577,0.0,4976.8,1505.194069,6.041015,2347.0,3000.0,2347.0,653.0,21.7667,6303.0,1309.0,12464.0,0.0,0.0,0.0,0.0,0.0,0.0
bologna,skewed,medium,mp_platoon_x2,1,1188.044002,0.0,3895.6,1607.854711,0.0,4714.6,1397.840091,6.26146,2409.0,3000.0,2409.0,591.0,19.7,5820.0,1283.0,0.0,0.0,0.0,0.0,536.0,0.0,0.0
bologna,skewed,medium,mp_platoon_x4,1,1123.341544,0.0,3526.25,1539.080049,0.0,4228.25,1332.74647,6.0952,2436.0,3000.0,2436.0,564.0,18.8,5847.0,1339.0,0.0,0.0,0.0,0.0,899.0,0.0,0.0
bologna,skewed,medium,mp_program0,1,678.458588,0.0,2522.25,1147.860489,0.0,3320.0,939.980591,5.706644,2946.0,3000.0,2946.0,54.0,1.8,558.0,0.0,0.0,0.0,0.0,0.0,0.0,0.0,0.0
bologna,skewed,medium,mp_spillback_on85_off70,1,1154.453145,0.0,3744.0,1554.390672,0.0,4486.6,1353.811819,6.20589,2337.0,3000.0,2337.0,663.0,22.1,5820.0,1286.0,0.0,304.0,294.0,30976.0,0.0,0.0,0.0
bologna,skewed,medium,mp_spillback_on90_off80,1,1042.484944,0.0,3537.4,1425.34382,0.0,4269.4,1226.89636,6.533976,2225.0,3000.0,2225.0,775.0,25.8333,5800.0,1283.0,0.0,260.0,252.0,26328.0,0.0,0.0,0.0
bologna,skewed,medium,mp_super,1,731.408764,0.0,2541.0,1214.685724,0.0,3473.0,1007.108559,5.549488,2921.0,3000.0,2921.0,79.0,2.6333,937.0,0.0,0.0,100.0,94.0,4436.0,0.0,3155.0,6333.295236
bologna,skewed,medium,mp_switch_eps1,1,1243.342869,0.0,4137.6,1654.393681,0.0,4928.8,1451.095124,6.057715,2342.0,3000.0,2342.0,658.0,21.9333,4407.0,1918.0,0.0,0.0,0.0,0.0,0.0,0.0,0.0
bologna,skewed,medium,mp_switch_rel005,1,1190.67602,0.0,3884.45,1594.179422,0.0,4588.0,1389.054996,6.207405,2352.0,3000.0,2352.0,648.0,21.6,5683.0,1320.0,0.0,0.0,0.0,0.0,0.0,0.0,0.0
bologna,skewed,medium,mp_switch_rel010,1,1145.105904,0.0,4328.05,1533.212746,0.0,5062.75,1329.672268,6.500488,2134.0,3000.0,2134.0,866.0,28.8667,5689.0,1238.0,0.0,0.0,0.0,0.0,0.0,0.0,0.0
